add_ds_card,mult_ds_card,count
6,6,1
9,10,3
10,10,12
12,14,1
12,15,1
13,14,2
13,15,2
14,14,4
14,15,57
15,11,1
15,12,1
15,14,10
15,15,55
16,19,1
16,20,1
16,21,6
17,20,3
17,21,14
18,20,17
18,21,61
18,27,1
18,28,2
19,18,1
19,19,2
19,20,39
19,21,152
19,27,5
19,28,1
20,17,1
20,18,4
20,19,3
20,20,95
20,21,290
20,25,2
20,26,1
20,27,7
20,28,16
20,34,1
21,18,2
21,19,1
21,20,26
21,21,91
21,25,1
21,26,1
21,27,19
21,28,17
21,35,1
21,36,1
22,25,3
22,26,3
22,27,47
22,28,102
22,32,1
22,33,1
22,35,2
23,23,1
23,24,2
23,25,8
23,26,6
23,27,125
23,28,224
23,33,3
23,35,10
23,36,4
24,22,2
24,23,1
24,24,6
24,25,15
24,26,15
24,27,258
24,28,483
24,31,1
24,32,1
24,33,4
24,34,4
24,35,10
24,36,22
24,41,1
24,42,1
24,43,1
24,44,2
24,45,1
24,54,1
25,23,2
25,24,4
25,25,20
25,26,31
25,27,391
25,28,755
25,31,1
25,32,3
25,33,5
25,34,9
25,35,45
25,36,34
25,39,1
25,42,2
25,44,4
25,49,1
26,21,1
26,24,4
26,25,30
26,26,23
26,27,348
26,28,632
26,30,1
26,32,3
26,33,26
26,34,28
26,35,120
26,36,105
26,38,1
26,40,3
26,42,9
26,43,4
26,44,9
26,45,6
26,53,1
26,59,1
26,62,1
27,22,1
27,24,2
27,25,15
27,26,7
27,27,116
27,28,183
27,29,2
27,32,7
27,33,41
27,34,40
27,35,232
27,36,201
27,39,2
27,41,3
27,42,6
27,43,6
27,44,27
27,45,10
27,51,1
27,52,1
27,54,1
27,55,1
28,26,2
28,27,4
28,28,7
28,29,2
28,30,3
28,31,5
28,32,23
28,33,75
28,34,98
28,35,500
28,36,560
28,38,1
28,39,4
28,40,1
28,41,4
28,42,19
28,43,12
28,44,42
28,45,33
28,48,1
28,50,1
28,52,3
28,53,1
28,54,4
28,61,1
28,62,1
28,64,1
28,70,1
29,29,1
29,30,8
29,31,8
29,32,32
29,33,124
29,34,135
29,35,864
29,36,910
29,39,3
29,40,4
29,41,20
29,42,41
29,43,26
29,44,110
29,45,51
29,47,2
29,48,1
29,49,1
29,50,3
29,51,5
29,52,5
29,53,9
29,54,6
29,55,3
29,59,1
29,62,1
29,63,2
29,64,1
29,65,1
29,75,1
30,30,10
30,31,10
30,32,44
30,33,193
30,34,180
30,35,1324
30,36,1457
30,38,2
30,39,9
30,40,9
30,41,31
30,42,88
30,43,55
30,44,203
30,45,170
30,47,1
30,48,2
30,49,1
30,50,2
30,51,12
30,52,13
30,53,16
30,54,21
30,55,7
30,60,1
30,61,3
30,62,2
30,63,2
30,65,3
30,66,2
30,72,1
30,73,1
30,74,1
31,29,6
31,30,9
31,31,13
31,32,54
31,33,217
31,34,204
31,35,1433
31,36,1675
31,37,4
31,38,11
31,39,14
31,40,18
31,41,47
31,42,146
31,43,138
31,44,506
31,45,292
31,46,1
31,47,1
31,48,6
31,49,8
31,50,9
31,51,18
31,52,27
31,53,35
31,54,40
31,55,15
31,56,1
31,58,1
31,59,3
31,60,3
31,61,6
31,62,1
31,63,5
31,64,5
31,65,3
31,69,1
31,70,1
31,71,2
31,73,1
31,77,1
31,81,1
31,82,1
32,29,2
32,30,6
32,31,10
32,32,35
32,33,157
32,34,170
32,35,1059
32,36,1251
32,37,2
32,38,11
32,39,36
32,40,17
32,41,93
32,42,286
32,43,255
32,44,980
32,45,583
32,46,1
32,47,2
32,48,8
32,49,16
32,50,15
32,51,45
32,52,67
32,53,55
32,54,96
32,55,42
32,56,2
32,58,3
32,59,5
32,60,8
32,61,5
32,62,14
32,63,12
32,64,12
32,65,11
32,66,3
32,67,1
32,70,2
32,71,3
32,72,1
32,73,2
32,74,1
32,75,1
32,76,1
32,78,1
32,83,1
32,84,1
32,86,1
32,96,1
33,29,2
33,30,1
33,31,3
33,32,22
33,33,67
33,34,55
33,35,433
33,36,482
33,37,2
33,38,20
33,39,53
33,40,45
33,41,137
33,42,465
33,43,464
33,44,1671
33,45,1121
33,46,5
33,47,6
33,48,13
33,49,25
33,50,20
33,51,65
33,52,129
33,53,112
33,54,207
33,55,68
33,56,5
33,57,7
33,58,6
33,59,12
33,60,8
33,61,16
33,62,25
33,63,31
33,64,22
33,65,28
33,66,7
33,68,3
33,69,5
33,70,5
33,71,1
33,72,2
33,73,3
33,74,6
33,75,4
33,76,4
33,77,2
33,79,1
33,80,1
33,84,3
33,85,1
33,92,1
33,93,1
34,30,1
34,32,1
34,33,17
34,34,8
34,35,62
34,36,64
34,37,5
34,38,32
34,39,60
34,40,65
34,41,218
34,42,674
34,43,613
34,44,2595
34,45,1946
34,46,6
34,47,11
34,48,32
34,49,64
34,50,48
34,51,115
34,52,236
34,53,254
34,54,416
34,55,158
34,56,1
34,57,6
34,58,6
34,59,18
34,60,27
34,61,17
34,62,44
34,63,51
34,64,39
34,65,42
34,66,10
34,67,2
34,68,4
34,69,6
34,70,5
34,71,12
34,72,7
34,73,6
34,74,11
34,75,13
34,76,5
34,77,7
34,78,2
34,81,1
34,82,3
34,83,3
34,84,3
34,85,3
34,87,3
34,89,1
34,93,1
34,95,1
34,102,1
35,34,1
35,35,2
35,36,1
35,37,9
35,38,34
35,39,78
35,40,83
35,41,293
35,42,900
35,43,914
35,44,3578
35,45,2736
35,46,9
35,47,15
35,48,60
35,49,100
35,50,62
35,51,234
35,52,452
35,53,398
35,54,842
35,55,346
35,56,8
35,57,15
35,58,9
35,59,23
35,60,43
35,61,35
35,62,96
35,63,112
35,64,74
35,65,103
35,66,32
35,67,9
35,68,7
35,69,9
35,70,4
35,71,16
35,72,20
35,73,19
35,74,35
35,75,21
35,76,6
35,77,8
35,78,2
35,79,1
35,80,5
35,81,2
35,82,4
35,84,6
35,85,7
35,86,6
35,87,5
35,88,4
35,89,1
35,90,1
35,91,1
35,94,2
35,96,1
35,97,2
35,100,2
35,107,1
35,108,1
36,33,2
36,35,1
36,36,2
36,37,9
36,38,32
36,39,84
36,40,96
36,41,313
36,42,919
36,43,1049
36,44,3993
36,45,2987
36,46,15
36,47,38
36,48,88
36,49,145
36,50,145
36,51,413
36,52,782
36,53,801
36,54,1562
36,55,737
36,56,11
36,57,17
36,58,42
36,59,60
36,60,94
36,61,67
36,62,164
36,63,216
36,64,152
36,65,243
36,66,97
36,67,10
36,68,9
36,69,15
36,70,16
36,71,30
36,72,39
36,73,28
36,74,47
36,75,48
36,76,35
36,77,24
36,78,11
36,79,9
36,80,4
36,81,7
36,82,5
36,83,15
36,84,19
36,85,7
36,86,11
36,87,15
36,88,6
36,89,2
36,90,3
36,91,2
36,92,3
36,93,1
36,94,2
36,95,2
36,96,3
36,98,2
36,99,2
36,100,2
36,103,1
36,105,1
36,107,1
36,111,1
36,113,1
36,121,1
37,33,1
37,35,1
37,36,2
37,37,7
37,38,33
37,39,69
37,40,83
37,41,228
37,42,810
37,43,828
37,44,3367
37,45,2556
37,46,23
37,47,46
37,48,111
37,49,245
37,50,221
37,51,658
37,52,1280
37,53,1211
37,54,2806
37,55,1305
37,56,26
37,57,28
37,58,37
37,59,112
37,60,183
37,61,130
37,62,315
37,63,377
37,64,304
37,65,455
37,66,133
37,67,18
37,68,13
37,69,23
37,70,24
37,71,65
37,72,54
37,73,57
37,74,97
37,75,95
37,76,62
37,77,44
37,78,16
37,79,13
37,80,13
37,81,13
37,82,17
37,83,15
37,84,29
37,85,23
37,86,18
37,87,17
37,88,15
37,89,12
37,90,4
37,91,2
37,92,9
37,93,5
37,94,6
37,95,4
37,96,2
37,97,4
37,98,6
37,99,2
37,100,4
37,101,1
37,103,2
37,104,2
37,110,2
37,111,1
37,131,1
38,33,2
38,36,1
38,37,3
38,38,14
38,39,38
38,40,57
38,41,149
38,42,488
38,43,507
38,44,1977
38,45,1470
38,46,32
38,47,67
38,48,189
38,49,345
38,50,345
38,51,869
38,52,1952
38,53,1977
38,54,4422
38,55,2180
38,56,38
38,57,56
38,58,77
38,59,150
38,60,302
38,61,215
38,62,535
38,63,756
38,64,652
38,65,937
38,66,295
38,67,23
38,68,24
38,69,44
38,70,85
38,71,104
38,72,123
38,73,94
38,74,182
38,75,137
38,76,137
38,77,97
38,78,36
38,79,15
38,80,22
38,81,20
38,82,31
38,83,28
38,84,49
38,85,39
38,86,36
38,87,61
38,88,46
38,89,16
38,90,16
38,91,8
38,92,5
38,93,6
38,94,9
38,95,15
38,96,10
38,97,13
38,98,17
38,99,13
38,100,12
38,101,7
38,102,2
38,103,1
38,104,3
38,105,1
38,106,7
38,107,2
38,108,4
38,109,2
38,110,4
38,111,2
38,112,5
38,113,2
38,115,2
38,119,2
38,121,1
38,125,1
39,38,8
39,39,24
39,40,21
39,41,52
39,42,172
39,43,207
39,44,771
39,45,538
39,46,47
39,47,67
39,48,216
39,49,449
39,50,416
39,51,1185
39,52,2671
39,53,2593
39,54,6189
39,55,3220
39,56,56
39,57,83
39,58,147
39,59,285
39,60,482
39,61,348
39,62,901
39,63,1284
39,64,1072
39,65,1606
39,66,585
39,67,40
39,68,64
39,69,85
39,70,102
39,71,208
39,72,228
39,73,178
39,74,353
39,75,337
39,76,276
39,77,213
39,78,55
39,79,29
39,80,44
39,81,39
39,82,59
39,83,56
39,84,85
39,85,79
39,86,46
39,87,103
39,88,81
39,89,44
39,90,32
39,91,15
39,92,13
39,93,16
39,94,19
39,95,22
39,96,27
39,97,19
39,98,27
39,99,9
39,100,23
39,101,13
39,102,13
39,103,8
39,104,8
39,105,5
39,106,3
39,107,5
39,108,6
39,109,3
39,110,7
39,111,7
39,113,3
39,115,2
39,118,1
39,120,1
39,121,2
39,122,1
39,123,1
39,125,1
39,126,1
39,134,1
40,38,3
40,39,5
40,40,1
40,41,10
40,42,31
40,43,58
40,44,149
40,45,117
40,46,57
40,47,91
40,48,261
40,49,503
40,50,519
40,51,1357
40,52,3048
40,53,3147
40,54,7534
40,55,4106
40,56,94
40,57,108
40,58,185
40,59,443
40,60,741
40,61,563
40,62,1483
40,63,2238
40,64,2009
40,65,2893
40,66,1019
40,67,82
40,68,106
40,69,122
40,70,166
40,71,337
40,72,394
40,73,327
40,74,631
40,75,651
40,76,471
40,77,434
40,78,134
40,79,57
40,80,63
40,81,78
40,82,107
40,83,100
40,84,168
40,85,167
40,86,134
40,87,180
40,88,141
40,89,98
40,90,67
40,91,21
40,92,25
40,93,23
40,94,53
40,95,41
40,96,46
40,97,43
40,98,61
40,99,60
40,100,35
40,101,29
40,102,21
40,103,25
40,104,8
40,105,7
40,106,12
40,107,10
40,108,17
40,109,11
40,110,12
40,111,12
40,112,10
40,113,16
40,114,8
40,115,7
40,116,8
40,117,1
40,118,4
40,119,1
40,120,2
40,121,5
40,123,5
40,124,3
40,125,1
40,126,1
40,127,1
40,128,2
40,129,1
40,131,1
40,144,1
41,39,1
41,40,2
41,41,2
41,42,4
41,43,8
41,44,18
41,45,45
41,46,44
41,47,69
41,48,258
41,49,480
41,50,515
41,51,1314
41,52,3103
41,53,3215
41,54,7945
41,55,4109
41,56,150
41,57,173
41,58,299
41,59,579
41,60,1074
41,61,891
41,62,2113
41,63,3375
41,64,3055
41,65,4893
41,66,1755
41,67,172
41,68,157
41,69,196
41,70,290
41,71,521
41,72,661
41,73,600
41,74,1056
41,75,1130
41,76,965
41,77,842
41,78,257
41,79,77
41,80,128
41,81,165
41,82,154
41,83,176
41,84,300
41,85,294
41,86,277
41,87,350
41,88,292
41,89,207
41,90,137
41,91,40
41,92,53
41,93,65
41,94,64
41,95,64
41,96,84
41,97,88
41,98,117
41,99,81
41,100,74
41,101,98
41,102,48
41,103,44
41,104,17
41,105,9
41,106,18
41,107,24
41,108,27
41,109,22
41,110,22
41,111,30
41,112,27
41,113,29
41,114,15
41,115,8
41,116,8
41,117,8
41,118,4
41,119,3
41,120,6
41,121,8
41,122,6
41,123,11
41,124,6
41,125,6
41,126,3
41,127,1
41,128,4
41,129,5
41,130,1
41,133,2
41,136,3
41,139,2
41,140,1
41,142,2
41,147,1
42,41,1
42,43,8
42,44,10
42,45,17
42,46,35
42,47,64
42,48,185
42,49,385
42,50,419
42,51,1105
42,52,2564
42,53,2725
42,54,6553
42,55,3474
42,56,182
42,57,204
42,58,419
42,59,903
42,60,1455
42,61,1301
42,62,3034
42,63,4923
42,64,4423
42,65,7430
42,66,2670
42,67,217
42,68,263
42,69,316
42,70,497
42,71,896
42,72,1162
42,73,976
42,74,1889
42,75,2032
42,76,1605
42,77,1699
42,78,493
42,79,149
42,80,193
42,81,254
42,82,295
42,83,336
42,84,490
42,85,560
42,86,447
42,87,701
42,88,557
42,89,415
42,90,304
42,91,104
42,92,93
42,93,102
42,94,129
42,95,131
42,96,164
42,97,153
42,98,223
42,99,188
42,100,137
42,101,179
42,102,100
42,103,71
42,104,51
42,105,45
42,106,36
42,107,54
42,108,56
42,109,46
42,110,60
42,111,67
42,112,45
42,113,56
42,114,40
42,115,32
42,116,23
42,117,21
42,118,13
42,119,22
42,120,11
42,121,12
42,122,9
42,123,13
42,124,12
42,125,13
42,126,11
42,127,10
42,128,9
42,129,8
42,130,2
42,131,4
42,132,4
42,133,5
42,134,1
42,135,2
42,136,4
42,137,2
42,138,1
42,139,3
42,140,1
42,141,2
42,142,1
42,143,2
42,144,1
42,147,1
42,153,1
42,154,1
42,168,1
43,42,1
43,43,3
43,44,2
43,45,9
43,46,27
43,47,20
43,48,131
43,49,261
43,50,274
43,51,715
43,52,1678
43,53,1662
43,54,4225
43,55,2288
43,56,198
43,57,270
43,58,470
43,59,1034
43,60,1855
43,61,1706
43,62,3793
43,63,6362
43,64,5954
43,65,9926
43,66,3777
43,67,337
43,68,431
43,69,496
43,70,697
43,71,1360
43,72,1816
43,73,1520
43,74,2951
43,75,3417
43,76,2908
43,77,3076
43,78,890
43,79,217
43,80,293
43,81,410
43,82,522
43,83,533
43,84,893
43,85,1019
43,86,806
43,87,1229
43,88,992
43,89,771
43,90,575
43,91,166
43,92,171
43,93,201
43,94,235
43,95,250
43,96,276
43,97,313
43,98,371
43,99,324
43,100,305
43,101,338
43,102,185
43,103,159
43,104,86
43,105,60
43,106,74
43,107,101
43,108,94
43,109,105
43,110,95
43,111,108
43,112,92
43,113,114
43,114,98
43,115,60
43,116,69
43,117,27
43,118,19
43,119,31
43,120,20
43,121,26
43,122,21
43,123,28
43,124,39
43,125,30
43,126,16
43,127,22
43,128,22
43,129,21
43,130,7
43,131,13
43,132,6
43,133,5
43,134,5
43,135,5
43,136,4
43,137,10
43,138,7
43,139,8
43,140,5
43,141,5
43,142,5
43,143,4
43,144,1
43,145,2
43,146,1
43,147,2
43,151,2
43,153,2
43,154,3
44,43,2
44,44,2
44,45,7
44,46,7
44,47,13
44,48,73
44,49,112
44,50,141
44,51,333
44,52,799
44,53,868
44,54,2054
44,55,1074
44,56,241
44,57,317
44,58,551
44,59,1143
44,60,2069
44,61,1847
44,62,4424
44,63,7219
44,64,7152
44,65,11844
44,66,4539
44,67,438
44,68,603
44,69,674
44,70,1139
44,71,1895
44,72,2656
44,73,2310
44,74,4771
44,75,5283
44,76,4550
44,77,5117
44,78,1513
44,79,345
44,80,529
44,81,626
44,82,691
44,83,906
44,84,1487
44,85,1682
44,86,1318
44,87,2154
44,88,1877
44,89,1442
44,90,1113
44,91,324
44,92,257
44,93,288
44,94,377
44,95,464
44,96,527
44,97,556
44,98,711
44,99,630
44,100,504
44,101,686
44,102,436
44,103,364
44,104,166
44,105,131
44,106,144
44,107,184
44,108,176
44,109,192
44,110,189
44,111,212
44,112,187
44,113,230
44,114,181
44,115,136
44,116,151
44,117,82
44,118,72
44,119,59
44,120,51
44,121,57
44,122,60
44,123,65
44,124,55
44,125,69
44,126,69
44,127,56
44,128,37
44,129,37
44,130,33
44,131,18
44,132,16
44,133,13
44,134,20
44,135,20
44,136,13
44,137,11
44,138,12
44,139,18
44,140,12
44,141,6
44,142,8
44,143,7
44,144,4
44,145,8
44,146,5
44,147,5
44,148,3
44,149,4
44,150,2
44,151,6
44,152,1
44,153,2
44,155,3
44,156,2
44,157,2
44,161,2
44,162,1
44,163,1
44,164,1
44,180,1
45,42,1
45,45,1
45,46,3
45,47,8
45,48,11
45,49,44
45,50,50
45,51,117
45,52,270
45,53,295
45,54,707
45,55,378
45,56,212
45,57,308
45,58,532
45,59,1185
45,60,1963
45,61,1856
45,62,4350
45,63,7449
45,64,7441
45,65,12055
45,66,4715
45,67,565
45,68,824
45,69,922
45,70,1454
45,71,2594
45,72,3621
45,73,3256
45,74,6414
45,75,7775
45,76,6831
45,77,7602
45,78,2392
45,79,581
45,80,810
45,81,1037
45,82,1089
45,83,1499
45,84,2416
45,85,2687
45,86,2147
45,87,3617
45,88,3205
45,89,2485
45,90,2028
45,91,650
45,92,448
45,93,514
45,94,643
45,95,745
45,96,844
45,97,1003
45,98,1325
45,99,1143
45,100,924
45,101,1241
45,102,854
45,103,638
45,104,396
45,105,242
45,106,235
45,107,319
45,108,339
45,109,367
45,110,335
45,111,400
45,112,423
45,113,466
45,114,341
45,115,307
45,116,265
45,117,171
45,118,135
45,119,116
45,120,96
45,121,102
45,122,106
45,123,125
45,124,135
45,125,108
45,126,113
45,127,111
45,128,96
45,129,93
45,130,69
45,131,58
45,132,33
45,133,37
45,134,27
45,135,31
45,136,30
45,137,32
45,138,34
45,139,20
45,140,31
45,141,20
45,142,21
45,143,26
45,144,14
45,145,13
45,146,7
45,147,4
45,148,4
45,149,5
45,150,6
45,151,6
45,152,4
45,153,4
45,154,4
45,155,7
45,156,1
45,157,2
45,158,5
45,159,2
45,160,4
45,161,4
45,165,1
45,166,1
45,170,1
46,45,1
46,46,1
46,47,1
46,48,3
46,49,9
46,50,10
46,51,33
46,52,48
46,53,68
46,54,166
46,55,144
46,56,154
46,57,249
46,58,441
46,59,939
46,60,1693
46,61,1805
46,62,3802
46,63,6631
46,64,6545
46,65,10887
46,66,4026
46,67,698
46,68,987
46,69,1092
46,70,1834
46,71,3405
46,72,4696
46,73,4320
46,74,8225
46,75,10305
46,76,9226
46,77,10614
46,78,3321
46,79,746
46,80,1203
46,81,1527
46,82,1678
46,83,2294
46,84,3436
46,85,4200
46,86,3427
46,87,5805
46,88,5272
46,89,4278
46,90,3530
46,91,1120
46,92,660
46,93,907
46,94,1118
46,95,1270
46,96,1435
46,97,1560
46,98,2162
46,99,2029
46,100,1704
46,101,2186
46,102,1672
46,103,1261
46,104,773
46,105,442
46,106,435
46,107,530
46,108,631
46,109,678
46,110,715
46,111,748
46,112,706
46,113,836
46,114,648
46,115,523
46,116,556
46,117,375
46,118,250
46,119,231
46,120,181
46,121,213
46,122,207
46,123,262
46,124,254
46,125,261
46,126,222
46,127,238
46,128,202
46,129,174
46,130,141
46,131,107
46,132,87
46,133,91
46,134,72
46,135,62
46,136,77
46,137,67
46,138,69
46,139,77
46,140,67
46,141,55
46,142,56
46,143,63
46,144,40
46,145,38
46,146,27
46,147,20
46,148,27
46,149,19
46,150,17
46,151,9
46,152,15
46,153,23
46,154,14
46,155,14
46,156,11
46,157,10
46,158,7
46,159,5
46,160,4
46,161,3
46,162,3
46,163,4
46,164,5
46,165,4
46,166,5
46,167,5
46,168,3
46,169,4
46,170,3
46,171,1
46,172,2
46,174,1
46,175,1
46,177,1
46,181,1
46,182,1
46,185,2
47,46,1
47,48,1
47,49,4
47,50,5
47,51,4
47,52,7
47,53,16
47,54,54
47,55,75
47,56,124
47,57,169
47,58,311
47,59,683
47,60,1231
47,61,1384
47,62,2721
47,63,4836
47,64,4802
47,65,7660
47,66,3053
47,67,778
47,68,1095
47,69,1290
47,70,2112
47,71,3846
47,72,5443
47,73,5144
47,74,9812
47,75,12739
47,76,11085
47,77,13030
47,78,4153
47,79,1031
47,80,1585
47,81,2132
47,82,2252
47,83,3307
47,84,5000
47,85,6118
47,86,5039
47,87,8510
47,88,8157
47,89,6487
47,90,5792
47,91,1748
47,92,1101
47,93,1321
47,94,1718
47,95,1983
47,96,2230
47,97,2527
47,98,3452
47,99,3433
47,100,2952
47,101,3772
47,102,2881
47,103,2250
47,104,1394
47,105,762
47,106,648
47,107,942
47,108,1020
47,109,1098
47,110,1231
47,111,1294
47,112,1268
47,113,1542
47,114,1301
47,115,1052
47,116,1143
47,117,734
47,118,534
47,119,469
47,120,340
47,121,406
47,122,406
47,123,431
47,124,522
47,125,479
47,126,441
47,127,479
47,128,387
47,129,428
47,130,288
47,131,252
47,132,231
47,133,146
47,134,134
47,135,130
47,136,145
47,137,117
47,138,166
47,139,136
47,140,126
47,141,128
47,142,103
47,143,100
47,144,86
47,145,72
47,146,69
47,147,41
47,148,53
47,149,38
47,150,30
47,151,33
47,152,36
47,153,32
47,154,31
47,155,36
47,156,23
47,157,11
47,158,21
47,159,11
47,160,22
47,161,12
47,162,6
47,163,5
47,164,12
47,165,8
47,166,8
47,167,1
47,168,5
47,169,5
47,170,8
47,171,5
47,172,5
47,174,2
47,175,1
47,176,1
47,178,4
47,179,1
47,180,1
47,181,1
47,190,1
47,192,1
48,48,1
48,49,2
48,50,1
48,51,2
48,52,6
48,53,7
48,54,26
48,55,28
48,56,58
48,57,124
48,58,198
48,59,406
48,60,704
48,61,785
48,62,1694
48,63,2760
48,64,2953
48,65,4645
48,66,1883
48,67,713
48,68,1157
48,69,1448
48,70,2187
48,71,3919
48,72,5618
48,73,5426
48,74,10382
48,75,13749
48,76,12278
48,77,14314
48,78,4632
48,79,1348
48,80,2013
48,81,2713
48,82,3001
48,83,4236
48,84,6647
48,85,7969
48,86,7067
48,87,11512
48,88,11728
48,89,9067
48,90,8071
48,91,2511
48,92,1636
48,93,1954
48,94,2586
48,95,3130
48,96,3317
48,97,3910
48,98,5545
48,99,5462
48,100,4607
48,101,6254
48,102,4807
48,103,3733
48,104,2572
48,105,1325
48,106,1102
48,107,1468
48,108,1769
48,109,1983
48,110,2082
48,111,2209
48,112,2291
48,113,2679
48,114,2321
48,115,1798
48,116,2209
48,117,1432
48,118,1107
48,119,834
48,120,578
48,121,682
48,122,774
48,123,881
48,124,870
48,125,885
48,126,893
48,127,909
48,128,794
48,129,785
48,130,626
48,131,556
48,132,457
48,133,349
48,134,300
48,135,253
48,136,302
48,137,266
48,138,293
48,139,268
48,140,276
48,141,273
48,142,243
48,143,226
48,144,224
48,145,180
48,146,143
48,147,140
48,148,104
48,149,87
48,150,93
48,151,79
48,152,85
48,153,71
48,154,69
48,155,77
48,156,73
48,157,58
48,158,57
48,159,58
48,160,47
48,161,33
48,162,30
48,163,20
48,164,25
48,165,22
48,166,19
48,167,16
48,168,15
48,169,17
48,170,18
48,171,16
48,172,8
48,173,6
48,174,13
48,175,8
48,176,4
48,177,2
48,178,4
48,179,4
48,180,4
48,181,2
48,182,4
48,183,3
48,184,3
48,185,1
48,186,1
48,188,2
48,191,2
48,194,1
48,197,1
48,203,1
49,53,1
49,54,10
49,55,10
49,56,20
49,57,41
49,58,74
49,59,191
49,60,324
49,61,386
49,62,740
49,63,1238
49,64,1413
49,65,2076
49,66,983
49,67,611
49,68,963
49,69,1243
49,70,2042
49,71,3586
49,72,5307
49,73,5389
49,74,9808
49,75,12994
49,76,11990
49,77,13618
49,78,4480
49,79,1664
49,80,2411
49,81,3158
49,82,3744
49,83,5218
49,84,7916
49,85,10076
49,86,8823
49,87,14438
49,88,14955
49,89,12117
49,90,11066
49,91,3305
49,92,2143
49,93,2799
49,94,3642
49,95,4164
49,96,4567
49,97,5846
49,98,7971
49,99,8143
49,100,6768
49,101,9441
49,102,7699
49,103,5982
49,104,4065
49,105,2045
49,106,1711
49,107,2408
49,108,2721
49,109,3096
49,110,3354
49,111,3523
49,112,3755
49,113,4381
49,114,3954
49,115,3338
49,116,3798
49,117,2606
49,118,1911
49,119,1494
49,120,1010
49,121,1247
49,122,1315
49,123,1500
49,124,1546
49,125,1611
49,126,1595
49,127,1615
49,128,1528
49,129,1518
49,130,1187
49,131,1115
49,132,926
49,133,699
49,134,581
49,135,494
49,136,517
49,137,481
49,138,556
49,139,582
49,140,550
49,141,540
49,142,505
49,143,444
49,144,448
49,145,404
49,146,300
49,147,262
49,148,204
49,149,187
49,150,170
49,151,172
49,152,167
49,153,157
49,154,164
49,155,138
49,156,144
49,157,117
49,158,114
49,159,101
49,160,88
49,161,70
49,162,67
49,163,49
49,164,36
49,165,44
49,166,45
49,167,45
49,168,39
49,169,33
49,170,38
49,171,30
49,172,25
49,173,24
49,174,19
49,175,13
49,176,16
49,177,13
49,178,13
49,179,13
49,180,11
49,181,3
49,182,9
49,183,5
49,184,10
49,185,3
49,186,6
49,187,4
49,188,2
49,189,4
49,190,5
49,191,3
49,192,2
49,195,1
49,196,1
49,197,1
49,198,1
49,200,3
49,201,1
49,208,1
50,50,1
50,52,1
50,54,6
50,55,4
50,56,15
50,57,17
50,58,21
50,59,50
50,60,115
50,61,141
50,62,256
50,63,398
50,64,514
50,65,716
50,66,490
50,67,503
50,68,728
50,69,963
50,70,1650
50,71,3006
50,72,4400
50,73,4383
50,74,8228
50,75,10709
50,76,10086
50,77,11070
50,78,3885
50,79,1731
50,80,2725
50,81,3508
50,82,4155
50,83,6004
50,84,8951
50,85,11553
50,86,10462
50,87,16775
50,88,17804
50,89,14187
50,90,12852
50,91,4138
50,92,2871
50,93,3604
50,94,4972
50,95,5620
50,96,6173
50,97,7763
50,98,10714
50,99,10911
50,100,9762
50,101,13327
50,102,11184
50,103,8451
50,104,6129
50,105,3041
50,106,2557
50,107,3435
50,108,4037
50,109,4718
50,110,4975
50,111,5292
50,112,5950
50,113,7117
50,114,6482
50,115,5354
50,116,6106
50,117,4420
50,118,3261
50,119,2618
50,120,1705
50,121,2023
50,122,2099
50,123,2558
50,124,2726
50,125,2850
50,126,2749
50,127,2803
50,128,2773
50,129,2883
50,130,2300
50,131,1978
50,132,1757
50,133,1314
50,134,1188
50,135,953
50,136,1032
50,137,981
50,138,1049
50,139,1045
50,140,1102
50,141,1139
50,142,1030
50,143,936
50,144,947
50,145,803
50,146,725
50,147,608
50,148,490
50,149,436
50,150,354
50,151,397
50,152,337
50,153,295
50,154,343
50,155,339
50,156,282
50,157,301
50,158,283
50,159,278
50,160,250
50,161,193
50,162,179
50,163,130
50,164,125
50,165,95
50,166,111
50,167,115
50,168,96
50,169,96
50,170,79
50,171,67
50,172,74
50,173,61
50,174,50
50,175,51
50,176,37
50,177,37
50,178,33
50,179,26
50,180,31
50,181,27
50,182,26
50,183,16
50,184,27
50,185,10
50,186,10
50,187,12
50,188,20
50,189,17
50,190,7
50,191,7
50,192,5
50,193,6
50,194,3
50,195,5
50,196,4
50,197,4
50,198,3
50,199,2
50,200,1
50,201,2
50,203,2
50,204,3
50,205,1
50,207,1
50,208,1
50,210,1
50,211,2
51,56,5
51,57,10
51,58,6
51,59,15
51,60,29
51,61,48
51,62,70
51,63,113
51,64,122
51,65,226
51,66,243
51,67,296
51,68,486
51,69,747
51,70,1128
51,71,2102
51,72,3037
51,73,3344
51,74,5794
51,75,7687
51,76,7354
51,77,7770
51,78,2881
51,79,1667
51,80,2621
51,81,3538
51,82,4287
51,83,6086
51,84,9280
51,85,11828
51,86,10997
51,87,17741
51,88,18659
51,89,15240
51,90,13451
51,91,4484
51,92,3497
51,93,4239
51,94,5885
51,95,6953
51,96,7638
51,97,9873
51,98,13435
51,99,14132
51,100,12898
51,101,17316
51,102,14637
51,103,11308
51,104,8087
51,105,4210
51,106,3466
51,107,4743
51,108,5583
51,109,6466
51,110,7203
51,111,7574
51,112,8632
51,113,10409
51,114,9461
51,115,8207
51,116,9347
51,117,7096
51,118,5127
51,119,4023
51,120,2715
51,121,3097
51,122,3371
51,123,3886
51,124,4172
51,125,4530
51,126,4462
51,127,4739
51,128,4524
51,129,4902
51,130,3951
51,131,3469
51,132,3156
51,133,2373
51,134,1986
51,135,1673
51,136,1701
51,137,1609
51,138,1818
51,139,1900
51,140,1988
51,141,1932
51,142,1819
51,143,1723
51,144,1639
51,145,1524
51,146,1397
51,147,1160
51,148,981
51,149,818
51,150,685
51,151,681
51,152,630
51,153,677
51,154,654
51,155,549
51,156,632
51,157,602
51,158,587
51,159,546
51,160,438
51,161,394
51,162,379
51,163,308
51,164,275
51,165,235
51,166,206
51,167,183
51,168,179
51,169,169
51,170,154
51,171,163
51,172,157
51,173,159
51,174,129
51,175,125
51,176,113
51,177,86
51,178,79
51,179,73
51,180,58
51,181,55
51,182,49
51,183,47
51,184,37
51,185,32
51,186,40
51,187,30
51,188,29
51,189,24
51,190,18
51,191,21
51,192,16
51,193,19
51,194,16
51,195,11
51,196,8
51,197,8
51,198,5
51,199,10
51,200,7
51,201,5
51,202,5
51,203,4
51,204,4
51,205,3
51,206,3
51,207,2
51,208,3
51,209,7
51,210,1
51,212,1
51,213,2
51,216,1
51,219,1
52,58,3
52,59,2
52,60,13
52,61,16
52,62,16
52,63,20
52,64,27
52,65,64
52,66,132
52,67,160
52,68,298
52,69,429
52,70,695
52,71,1235
52,72,1759
52,73,1919
52,74,3410
52,75,4445
52,76,4481
52,77,4529
52,78,2047
52,79,1637
52,80,2323
52,81,3231
52,82,4039
52,83,5649
52,84,8738
52,85,10867
52,86,10659
52,87,16283
52,88,17550
52,89,14459
52,90,12651
52,91,4330
52,92,3900
52,93,4833
52,94,6760
52,95,8024
52,96,8938
52,97,11752
52,98,15522
52,99,16410
52,100,15169
52,101,20242
52,102,17693
52,103,13738
52,104,9978
52,105,5171
52,106,4564
52,107,6340
52,108,7210
52,109,8792
52,110,9803
52,111,10216
52,112,11787
52,113,14163
52,114,13182
52,115,11341
52,116,13324
52,117,9946
52,118,7300
52,119,5675
52,120,3983
52,121,4729
52,122,4847
52,123,6007
52,124,6435
52,125,6794
52,126,6968
52,127,7201
52,128,7326
52,129,7748
52,130,6482
52,131,5837
52,132,5257
52,133,4021
52,134,3186
52,135,2813
52,136,2796
52,137,2751
52,138,3120
52,139,3090
52,140,3504
52,141,3416
52,142,3435
52,143,3183
52,144,3002
52,145,2828
52,146,2556
52,147,2231
52,148,1931
52,149,1674
52,150,1389
52,151,1257
52,152,1264
52,153,1221
52,154,1320
52,155,1213
52,156,1284
52,157,1235
52,158,1167
52,159,1125
52,160,973
52,161,857
52,162,848
52,163,692
52,164,623
52,165,523
52,166,472
52,167,480
52,168,417
52,169,394
52,170,373
52,171,417
52,172,379
52,173,361
52,174,301
52,175,292
52,176,263
52,177,216
52,178,210
52,179,203
52,180,142
52,181,141
52,182,126
52,183,119
52,184,122
52,185,100
52,186,84
52,187,82
52,188,77
52,189,73
52,190,56
52,191,78
52,192,61
52,193,41
52,194,56
52,195,34
52,196,29
52,197,29
52,198,22
52,199,24
52,200,19
52,201,17
52,202,23
52,203,20
52,204,14
52,205,7
52,206,10
52,207,12
52,208,11
52,209,8
52,210,3
52,211,2
52,212,6
52,213,6
52,214,1
52,215,5
52,216,2
52,217,4
52,218,2
52,219,1
52,220,1
52,221,1
52,222,2
52,223,2
52,226,1
52,231,1
52,232,1
52,234,1
53,60,1
53,61,3
53,62,7
53,63,11
53,64,7
53,65,26
53,66,54
53,67,79
53,68,137
53,69,199
53,70,293
53,71,578
53,72,776
53,73,884
53,74,1581
53,75,2024
53,76,2094
53,77,2145
53,78,1235
53,79,1322
53,80,1879
53,81,2646
53,82,3448
53,83,4648
53,84,7229
53,85,9188
53,86,9122
53,87,13754
53,88,14451
53,89,12294
53,90,10349
53,91,3910
53,92,4019
53,93,5135
53,94,7055
53,95,8436
53,96,9431
53,97,12499
53,98,16471
53,99,17781
53,100,16626
53,101,21857
53,102,19383
53,103,14960
53,104,10687
53,105,5920
53,106,5404
53,107,7715
53,108,8941
53,109,10561
53,110,11906
53,111,12806
53,112,14805
53,113,17627
53,114,16763
53,115,14516
53,116,17040
53,117,13117
53,118,9478
53,119,7551
53,120,5452
53,121,6153
53,122,6646
53,123,8182
53,124,8841
53,125,9729
53,126,9981
53,127,10094
53,128,10509
53,129,11432
53,130,9460
53,131,8294
53,132,8067
53,133,6197
53,134,4948
53,135,4139
53,136,4348
53,137,4198
53,138,4789
53,139,4937
53,140,5402
53,141,5440
53,142,5476
53,143,5164
53,144,5029
53,145,4737
53,146,4516
53,147,3715
53,148,3191
53,149,2853
53,150,2290
53,151,2183
53,152,2088
53,153,2006
53,154,2319
53,155,2150
53,156,2223
53,157,2132
53,158,2128
53,159,1922
53,160,1859
53,161,1755
53,162,1629
53,163,1359
53,164,1188
53,165,982
53,166,927
53,167,836
53,168,777
53,169,673
53,170,776
53,171,735
53,172,674
53,173,686
53,174,628
53,175,594
53,176,567
53,177,493
53,178,439
53,179,366
53,180,353
53,181,314
53,182,265
53,183,240
53,184,225
53,185,207
53,186,187
53,187,199
53,188,165
53,189,163
53,190,137
53,191,146
53,192,126
53,193,102
53,194,101
53,195,99
53,196,85
53,197,76
53,198,60
53,199,52
53,200,41
53,201,41
53,202,41
53,203,34
53,204,26
53,205,26
53,206,31
53,207,30
53,208,20
53,209,27
53,210,21
53,211,17
53,212,12
53,213,11
53,214,13
53,215,9
53,216,7
53,217,3
53,218,4
53,219,7
53,220,4
53,221,4
53,222,4
53,223,3
53,224,3
53,225,4
53,226,2
53,227,2
53,228,5
53,229,1
53,230,2
53,234,2
53,237,1
53,239,1
54,61,1
54,63,3
54,64,4
54,65,7
54,66,23
54,67,15
54,68,57
54,69,64
54,70,97
54,71,190
54,72,289
54,73,317
54,74,610
54,75,754
54,76,819
54,77,843
54,78,666
54,79,941
54,80,1344
54,81,1796
54,82,2381
54,83,3377
54,84,5063
54,85,6450
54,86,6623
54,87,9924
54,88,10459
54,89,8901
54,90,7547
54,91,3135
54,92,3739
54,93,4928
54,94,6529
54,95,8026
54,96,9135
54,97,12353
54,98,16212
54,99,17310
54,100,16665
54,101,21339
54,102,18915
54,103,14914
54,104,10693
54,105,6315
54,106,6220
54,107,8552
54,108,10192
54,109,12237
54,110,13696
54,111,14597
54,112,17103
54,113,20531
54,114,19518
54,115,17485
54,116,19565
54,117,15403
54,118,11506
54,119,9155
54,120,6900
54,121,7969
54,122,8729
54,123,10639
54,124,11617
54,125,12862
54,126,12918
54,127,13628
54,128,14246
54,129,15269
54,130,13100
54,131,11598
54,132,10864
54,133,8546
54,134,6915
54,135,6032
54,136,6276
54,137,6251
54,138,7282
54,139,7316
54,140,8144
54,141,8086
54,142,8320
54,143,7935
54,144,7785
54,145,7573
54,146,7143
54,147,5839
54,148,5189
54,149,4626
54,150,3773
54,151,3623
54,152,3556
54,153,3457
54,154,3818
54,155,3644
54,156,3830
54,157,3789
54,158,3749
54,159,3577
54,160,3304
54,161,3010
54,162,2879
54,163,2577
54,164,2312
54,165,1913
54,166,1822
54,167,1590
54,168,1530
54,169,1388
54,170,1434
54,171,1421
54,172,1450
54,173,1380
54,174,1318
54,175,1256
54,176,1170
54,177,1063
54,178,976
54,179,864
54,180,721
54,181,732
54,182,657
54,183,527
54,184,499
54,185,459
54,186,452
54,187,437
54,188,386
54,189,386
54,190,378
54,191,370
54,192,315
54,193,283
54,194,278
54,195,250
54,196,191
54,197,184
54,198,140
54,199,150
54,200,139
54,201,116
54,202,110
54,203,131
54,204,88
54,205,96
54,206,69
54,207,86
54,208,65
54,209,57
54,210,63
54,211,47
54,212,43
54,213,38
54,214,36
54,215,32
54,216,24
54,217,27
54,218,19
54,219,20
54,220,15
54,221,19
54,222,17
54,223,13
54,224,6
54,225,13
54,226,10
54,227,4
54,228,7
54,229,8
54,230,5
54,231,4
54,232,2
54,234,5
54,235,2
54,236,2
54,237,2
54,238,1
54,239,2
54,240,1
54,241,2
54,242,2
54,243,1
54,244,1
54,248,1
55,65,1
55,66,6
55,67,4
55,68,9
55,69,24
55,70,21
55,71,70
55,72,70
55,73,101
55,74,173
55,75,219
55,76,238
55,77,315
55,78,321
55,79,607
55,80,760
55,81,1004
55,82,1447
55,83,1987
55,84,3053
55,85,3886
55,86,4218
55,87,5950
55,88,6225
55,89,5529
55,90,4653
55,91,2413
55,92,3248
55,93,4341
55,94,5552
55,95,6791
55,96,8173
55,97,10629
55,98,13744
55,99,15027
55,100,14821
55,101,18603
55,102,16087
55,103,13438
55,104,9310
55,105,6373
55,106,6259
55,107,9178
55,108,10364
55,109,12759
55,110,14279
55,111,15498
55,112,18367
55,113,21728
55,114,20996
55,115,18856
55,116,21208
55,117,16273
55,118,12606
55,119,10134
55,120,8051
55,121,9181
55,122,10241
55,123,13015
55,124,13945
55,125,15541
55,126,15766
55,127,16283
55,128,17563
55,129,18567
55,130,16181
55,131,14554
55,132,13360
55,133,10794
55,134,8813
55,135,7701
55,136,8002
55,137,8273
55,138,9461
55,139,9579
55,140,11016
55,141,11135
55,142,11562
55,143,11013
55,144,10841
55,145,10468
55,146,9975
55,147,8448
55,148,7453
55,149,6625
55,150,5495
55,151,5272
55,152,5177
55,153,5219
55,154,5681
55,155,5502
55,156,5697
55,157,5927
55,158,5866
55,159,5621
55,160,5307
55,161,4824
55,162,4681
55,163,4160
55,164,3786
55,165,3088
55,166,2996
55,167,2590
55,168,2407
55,169,2272
55,170,2490
55,171,2349
55,172,2491
55,173,2301
55,174,2277
55,175,2231
55,176,2136
55,177,2009
55,178,1754
55,179,1570
55,180,1400
55,181,1257
55,182,1201
55,183,1001
55,184,979
55,185,865
55,186,819
55,187,852
55,188,790
55,189,749
55,190,742
55,191,723
55,192,629
55,193,592
55,194,509
55,195,525
55,196,436
55,197,385
55,198,362
55,199,307
55,200,283
55,201,247
55,202,257
55,203,257
55,204,183
55,205,185
55,206,181
55,207,179
55,208,154
55,209,162
55,210,135
55,211,117
55,212,92
55,213,91
55,214,93
55,215,66
55,216,82
55,217,61
55,218,52
55,219,40
55,220,41
55,221,39
55,222,45
55,223,31
55,224,28
55,225,31
55,226,22
55,227,19
55,228,22
55,229,16
55,230,15
55,231,14
55,232,9
55,233,6
55,234,7
55,235,10
55,236,11
55,237,5
55,238,4
55,239,3
55,240,5
55,241,4
55,242,4
55,243,1
55,244,2
55,245,2
55,246,3
55,247,1
55,248,5
55,249,1
55,250,2
55,251,2
55,252,1
55,254,1
55,257,1
56,66,1
56,68,1
56,69,2
56,70,6
56,71,12
56,72,16
56,73,23
56,74,46
56,75,57
56,76,76
56,77,88
56,78,125
56,79,249
56,80,323
56,81,498
56,82,721
56,83,955
56,84,1422
56,85,1804
56,86,2072
56,87,2893
56,88,3109
56,89,2862
56,90,2441
56,91,1547
56,92,2355
56,93,3157
56,94,4145
56,95,5127
56,96,6284
56,97,7973
56,98,10534
56,99,11292
56,100,11507
56,101,14132
56,102,12047
56,103,10535
56,104,7387
56,105,5727
56,106,5863
56,107,8421
56,108,9977
56,109,12271
56,110,13658
56,111,14885
56,112,17885
56,113,20450
56,114,19871
56,115,18483
56,116,19956
56,117,15855
56,118,12323
56,119,10240
56,120,8846
56,121,10269
56,122,11142
56,123,14350
56,124,15214
56,125,17067
56,126,17566
56,127,18383
56,128,19933
56,129,20648
56,130,18368
56,131,16554
56,132,15533
56,133,12552
56,134,10434
56,135,9504
56,136,10018
56,137,10476
56,138,11890
56,139,12456
56,140,14107
56,141,14132
56,142,14650
56,143,14236
56,144,13711
56,145,13889
56,146,13016
56,147,11105
56,148,9946
56,149,9007
56,150,7406
56,151,7189
56,152,7360
56,153,7465
56,154,8139
56,155,7965
56,156,8262
56,157,8417
56,158,8804
56,159,8515
56,160,7968
56,161,7239
56,162,6930
56,163,6207
56,164,5889
56,165,4904
56,166,4592
56,167,4201
56,168,3989
56,169,3743
56,170,4117
56,171,4086
56,172,4047
56,173,4094
56,174,3781
56,175,3692
56,176,3494
56,177,3463
56,178,3060
56,179,2913
56,180,2400
56,181,2337
56,182,2155
56,183,1847
56,184,1838
56,185,1687
56,186,1595
56,187,1510
56,188,1540
56,189,1519
56,190,1415
56,191,1408
56,192,1304
56,193,1259
56,194,1095
56,195,1008
56,196,960
56,197,832
56,198,774
56,199,697
56,200,641
56,201,527
56,202,538
56,203,528
56,204,449
56,205,445
56,206,428
56,207,405
56,208,397
56,209,346
56,210,325
56,211,319
56,212,266
56,213,231
56,214,230
56,215,196
56,216,165
56,217,161
56,218,156
56,219,127
56,220,110
56,221,118
56,222,94
56,223,94
56,224,79
56,225,94
56,226,84
56,227,57
56,228,57
56,229,56
56,230,59
56,231,46
56,232,47
56,233,34
56,234,34
56,235,27
56,236,32
56,237,15
56,238,21
56,239,11
56,240,11
56,241,16
56,242,8
56,243,11
56,244,11
56,245,10
56,246,10
56,247,6
56,248,5
56,249,7
56,250,3
56,251,2
56,252,5
56,253,1
56,254,3
56,255,2
56,256,5
56,257,4
56,258,1
56,259,3
56,260,1
56,261,1
56,263,1
56,264,1
56,268,2
56,277,1
57,68,1
57,69,1
57,70,1
57,71,3
57,72,3
57,73,5
57,74,7
57,75,16
57,76,22
57,77,25
57,78,51
57,79,93
57,80,110
57,81,166
57,82,236
57,83,355
57,84,528
57,85,682
57,86,792
57,87,1094
57,88,1237
57,89,1126
57,90,1154
57,91,918
57,92,1466
57,93,2077
57,94,2572
57,95,3229
57,96,4053
57,97,5335
57,98,6728
57,99,7316
57,100,7660
57,101,9124
57,102,7954
57,103,7169
57,104,5166
57,105,4462
57,106,4824
57,107,7072
57,108,8508
57,109,10280
57,110,11488
57,111,12695
57,112,15176
57,113,17317
57,114,16824
57,115,15967
57,116,17086
57,117,13650
57,118,10857
57,119,9405
57,120,8688
57,121,9969
57,122,10943
57,123,14223
57,124,15328
57,125,17422
57,126,17891
57,127,18161
57,128,19822
57,129,20678
57,130,18240
57,131,16783
57,132,15671
57,133,12627
57,134,11179
57,135,10312
57,136,11486
57,137,11884
57,138,13282
57,139,13870
57,140,15645
57,141,16065
57,142,16755
57,143,16186
57,144,15710
57,145,16293
57,146,14939
57,147,13195
57,148,11680
57,149,10568
57,150,9065
57,151,8681
57,152,8987
57,153,9349
57,154,10198
57,155,10265
57,156,10556
57,157,10595
57,158,11260
57,159,10537
57,160,10274
57,161,9578
57,162,9141
57,163,8341
57,164,7572
57,165,6604
57,166,6215
57,167,5632
57,168,5423
57,169,5309
57,170,5638
57,171,5624
57,172,5680
57,173,5625
57,174,5519
57,175,5493
57,176,5170
57,177,5082
57,178,4581
57,179,4281
57,180,3742
57,181,3478
57,182,3245
57,183,2902
57,184,2672
57,185,2442
57,186,2435
57,187,2374
57,188,2368
57,189,2359
57,190,2255
57,191,2260
57,192,2065
57,193,2005
57,194,1845
57,195,1699
57,196,1625
57,197,1472
57,198,1302
57,199,1101
57,200,1063
57,201,948
57,202,949
57,203,928
57,204,748
57,205,832
57,206,734
57,207,713
57,208,697
57,209,634
57,210,622
57,211,553
57,212,508
57,213,459
57,214,441
57,215,366
57,216,345
57,217,299
57,218,291
57,219,257
57,220,230
57,221,187
57,222,207
57,223,180
57,224,154
57,225,174
57,226,144
57,227,158
57,228,119
57,229,122
57,230,107
57,231,88
57,232,94
57,233,70
57,234,61
57,235,52
57,236,55
57,237,61
57,238,33
57,239,39
57,240,29
57,241,23
57,242,39
57,243,26
57,244,17
57,245,28
57,246,17
57,247,19
57,248,25
57,249,12
57,250,4
57,251,5
57,252,9
57,253,5
57,254,6
57,255,4
57,256,6
57,257,10
57,258,4
57,259,3
57,260,3
57,261,5
57,262,4
57,263,3
57,264,2
57,265,1
57,267,2
57,271,1
57,279,1
57,282,1
58,72,1
58,73,1
58,74,1
58,75,6
58,76,5
58,77,6
58,78,12
58,79,16
58,80,26
58,81,46
58,82,71
58,83,96
58,84,135
58,85,165
58,86,220
58,87,297
58,88,377
58,89,370
58,90,440
58,91,402
58,92,704
58,93,1073
58,94,1241
58,95,1639
58,96,2000
58,97,2642
58,98,3325
58,99,3793
58,100,4054
58,101,4803
58,102,4313
58,103,3997
58,104,3133
58,105,3103
58,106,3485
58,107,5141
58,108,6273
58,109,7475
58,110,8503
58,111,9537
58,112,11290
58,113,12735
58,114,12141
58,115,11834
58,116,12612
58,117,10087
58,118,8692
58,119,7713
58,120,7493
58,121,8691
58,122,9862
58,123,12428
58,124,13737
58,125,15402
58,126,15963
58,127,16642
58,128,18121
58,129,18625
58,130,16657
58,131,15278
58,132,14216
58,133,11671
58,134,10662
58,135,10535
58,136,11452
58,137,12382
58,138,13703
58,139,14416
58,140,16705
58,141,16744
58,142,17200
58,143,16996
58,144,16532
58,145,16756
58,146,15739
58,147,13830
58,148,12221
58,149,11515
58,150,10237
58,151,10327
58,152,10649
58,153,11115
58,154,12051
58,155,12299
58,156,12518
58,157,13186
58,158,13237
58,159,12664
58,160,12679
58,161,11588
58,162,11026
58,163,10262
58,164,9501
58,165,8107
58,166,7922
58,167,7538
58,168,7330
58,169,7292
58,170,7940
58,171,7691
58,172,7840
58,173,7967
58,174,7619
58,175,7568
58,176,7278
58,177,7101
58,178,6362
58,179,6006
58,180,5533
58,181,5179
58,182,4693
58,183,4247
58,184,4300
58,185,4007
58,186,3758
58,187,3883
58,188,3776
58,189,3846
58,190,3776
58,191,3745
58,192,3328
58,193,3262
58,194,3116
58,195,2956
58,196,2685
58,197,2473
58,198,2254
58,199,2095
58,200,1843
58,201,1741
58,202,1737
58,203,1606
58,204,1510
58,205,1575
58,206,1439
58,207,1405
58,208,1296
58,209,1310
58,210,1174
58,211,1107
58,212,1057
58,213,930
58,214,880
58,215,768
58,216,714
58,217,706
58,218,600
58,219,566
58,220,511
58,221,527
58,222,467
58,223,451
58,224,399
58,225,418
58,226,377
58,227,351
58,228,361
58,229,316
58,230,279
58,231,215
58,232,225
58,233,190
58,234,167
58,235,151
58,236,152
58,237,135
58,238,134
58,239,105
58,240,101
58,241,86
58,242,99
58,243,89
58,244,73
58,245,72
58,246,63
58,247,46
58,248,68
58,249,56
58,250,51
58,251,37
58,252,37
58,253,33
58,254,31
58,255,19
58,256,22
58,257,22
58,258,14
58,259,16
58,260,14
58,261,13
58,262,9
58,263,15
58,264,6
58,265,8
58,266,7
58,267,5
58,268,8
58,269,5
58,270,6
58,271,2
58,272,2
58,273,1
58,274,4
58,275,2
58,276,2
58,277,2
58,278,2
58,279,3
58,281,1
58,282,1
58,283,1
58,284,1
58,286,1
58,293,1
59,72,1
59,73,1
59,74,1
59,77,1
59,78,5
59,79,3
59,80,3
59,81,6
59,82,16
59,83,24
59,84,29
59,85,36
59,86,59
59,87,69
59,88,88
59,89,88
59,90,124
59,91,158
59,92,264
59,93,405
59,94,445
59,95,620
59,96,798
59,97,1064
59,98,1308
59,99,1477
59,100,1668
59,101,1944
59,102,1816
59,103,1921
59,104,1565
59,105,1794
59,106,2010
59,107,2952
59,108,3876
59,109,4415
59,110,4917
59,111,5711
59,112,6666
59,113,7706
59,114,7604
59,115,7623
59,116,7610
59,117,6347
59,118,5894
59,119,5629
59,120,5743
59,121,6752
59,122,7590
59,123,9835
59,124,10638
59,125,11503
59,126,12181
59,127,13036
59,128,13767
59,129,14025
59,130,12972
59,131,11988
59,132,11192
59,133,9636
59,134,8890
59,135,9165
59,136,10176
59,137,10813
59,138,12081
59,139,12855
59,140,14908
59,141,14833
59,142,15314
59,143,15064
59,144,14996
59,145,15135
59,146,13895
59,147,12684
59,148,11473
59,149,10542
59,150,9763
59,151,9890
59,152,10413
59,153,11248
59,154,11855
59,155,12321
59,156,12378
59,157,13028
59,158,13519
59,159,12997
59,160,12385
59,161,11875
59,162,11081
59,163,10508
59,164,9593
59,165,8737
59,166,8411
59,167,8074
59,168,7802
59,169,7862
59,170,8591
59,171,8540
59,172,8972
59,173,8916
59,174,8612
59,175,8388
59,176,8211
59,177,8018
59,178,7263
59,179,6766
59,180,6164
59,181,5870
59,182,5640
59,183,5056
59,184,4915
59,185,4823
59,186,4731
59,187,4665
59,188,4763
59,189,4742
59,190,4649
59,191,4553
59,192,4286
59,193,4300
59,194,3945
59,195,3641
59,196,3492
59,197,3087
59,198,2872
59,199,2713
59,200,2375
59,201,2355
59,202,2282
59,203,2216
59,204,2062
59,205,2109
59,206,2011
59,207,1956
59,208,1950
59,209,1840
59,210,1691
59,211,1576
59,212,1467
59,213,1362
59,214,1223
59,215,1169
59,216,1114
59,217,962
59,218,944
59,219,874
59,220,769
59,221,784
59,222,710
59,223,693
59,224,669
59,225,617
59,226,597
59,227,548
59,228,523
59,229,463
59,230,456
59,231,427
59,232,354
59,233,307
59,234,300
59,235,273
59,236,260
59,237,251
59,238,252
59,239,198
59,240,187
59,241,191
59,242,184
59,243,157
59,244,147
59,245,155
59,246,104
59,247,110
59,248,112
59,249,89
59,250,80
59,251,71
59,252,73
59,253,63
59,254,56
59,255,57
59,256,37
59,257,35
59,258,33
59,259,37
59,260,37
59,261,29
59,262,15
59,263,29
59,264,18
59,265,24
59,266,27
59,267,16
59,268,14
59,269,11
59,270,9
59,271,8
59,272,12
59,273,7
59,274,8
59,275,6
59,276,5
59,277,5
59,278,7
59,279,4
59,280,1
59,281,5
59,282,2
59,283,2
59,284,1
59,285,1
59,287,2
59,288,2
59,290,3
59,293,1
59,296,2
59,306,1
60,78,1
60,79,1
60,80,1
60,81,1
60,82,1
60,84,1
60,85,7
60,86,11
60,87,19
60,88,14
60,89,26
60,90,31
60,91,36
60,92,46
60,93,119
60,94,130
60,95,176
60,96,213
60,97,266
60,98,378
60,99,411
60,100,463
60,101,561
60,102,562
60,103,661
60,104,601
60,105,772
60,106,896
60,107,1227
60,108,1618
60,109,1914
60,110,2282
60,111,2615
60,112,3062
60,113,3520
60,114,3495
60,115,3572
60,116,3706
60,117,3256
60,118,3090
60,119,3146
60,120,3372
60,121,4115
60,122,4797
60,123,5928
60,124,6674
60,125,7272
60,126,7814
60,127,8204
60,128,8816
60,129,8883
60,130,8210
60,131,8078
60,132,7522
60,133,6787
60,134,6591
60,135,6803
60,136,7709
60,137,8405
60,138,9398
60,139,9997
60,140,11510
60,141,11683
60,142,11766
60,143,11813
60,144,11741
60,145,11777
60,146,11148
60,147,10234
60,148,9453
60,149,9004
60,150,8871
60,151,8954
60,152,9420
60,153,10239
60,154,10734
60,155,11080
60,156,11432
60,157,11934
60,158,12145
60,159,11636
60,160,11397
60,161,10935
60,162,10528
60,163,9919
60,164,9393
60,165,8527
60,166,8420
60,167,8214
60,168,8164
60,169,8588
60,170,9008
60,171,8886
60,172,9242
60,173,9039
60,174,9191
60,175,8812
60,176,8770
60,177,8498
60,178,7794
60,179,7445
60,180,6970
60,181,6663
60,182,6228
60,183,5924
60,184,5893
60,185,5726
60,186,5733
60,187,5756
60,188,5771
60,189,5705
60,190,5591
60,191,5631
60,192,5212
60,193,5071
60,194,4852
60,195,4505
60,196,4372
60,197,4055
60,198,3720
60,199,3601
60,200,3285
60,201,3233
60,202,3131
60,203,3055
60,204,2844
60,205,2991
60,206,2762
60,207,2686
60,208,2663
60,209,2584
60,210,2531
60,211,2235
60,212,2139
60,213,2006
60,214,1810
60,215,1803
60,216,1659
60,217,1509
60,218,1415
60,219,1332
60,220,1307
60,221,1203
60,222,1196
60,223,1171
60,224,1084
60,225,1056
60,226,1003
60,227,872
60,228,919
60,229,802
60,230,776
60,231,689
60,232,634
60,233,661
60,234,568
60,235,476
60,236,463
60,237,445
60,238,446
60,239,426
60,240,347
60,241,356
60,242,332
60,243,339
60,244,288
60,245,275
60,246,248
60,247,218
60,248,192
60,249,206
60,250,179
60,251,136
60,252,147
60,253,133
60,254,130
60,255,105
60,256,127
60,257,112
60,258,93
60,259,69
60,260,85
60,261,83
60,262,65
60,263,62
60,264,43
60,265,58
60,266,50
60,267,34
60,268,34
60,269,49
60,270,28
60,271,27
60,272,17
60,273,17
60,274,18
60,275,14
60,276,15
60,277,16
60,278,10
60,279,11
60,280,17
60,281,13
60,282,12
60,283,7
60,284,4
60,285,4
60,286,9
60,287,8
60,288,3
60,289,5
60,290,3
60,291,2
60,292,2
60,293,2
60,294,2
60,295,4
60,296,1
60,297,1
60,298,3
60,299,2
60,301,1
60,302,1
60,303,1
60,310,1
60,316,1
61,84,1
61,86,1
61,87,5
61,88,2
61,89,1
61,90,6
61,91,4
61,92,7
61,93,12
61,94,18
61,95,20
61,96,45
61,97,49
61,98,53
61,99,73
61,100,83
61,101,111
61,102,112
61,103,161
61,104,161
61,105,219
61,106,235
61,107,356
61,108,481
61,109,552
61,110,716
61,111,745
61,112,956
61,113,1043
61,114,1113
61,115,1157
61,116,1169
61,117,1202
61,118,1145
61,119,1287
61,120,1433
61,121,1854
61,122,2054
61,123,2531
61,124,3074
61,125,3201
61,126,3506
61,127,3689
61,128,4099
61,129,4092
61,130,4016
61,131,3974
61,132,3611
61,133,3317
61,134,3365
61,135,3864
61,136,4354
61,137,4604
61,138,5412
61,139,5723
61,140,6532
61,141,6799
61,142,6743
61,143,6948
61,144,6979
61,145,6942
61,146,6684
61,147,6147
61,148,5790
61,149,5645
61,150,5651
61,151,5648
61,152,6148
61,153,6799
61,154,7408
61,155,7315
61,156,7643
61,157,8052
61,158,8221
61,159,8138
61,160,7610
61,161,7491
61,162,7322
61,163,7013
61,164,6640
61,165,6106
61,166,6167
61,167,5909
61,168,6330
61,169,6406
61,170,6663
61,171,6722
61,172,7037
61,173,7022
61,174,6798
61,175,6736
61,176,6681
61,177,6466
61,178,6029
61,179,5878
61,180,5432
61,181,5393
61,182,5124
61,183,4876
61,184,4743
61,185,4640
61,186,4749
61,187,4840
61,188,4880
61,189,4745
61,190,4659
61,191,4631
61,192,4371
61,193,4379
61,194,4107
61,195,3955
61,196,3684
61,197,3497
61,198,3384
61,199,3090
61,200,3071
61,201,2896
61,202,2916
61,203,2807
61,204,2558
61,205,2695
61,206,2605
61,207,2570
61,208,2381
61,209,2428
61,210,2245
61,211,2101
61,212,2002
61,213,1939
61,214,1774
61,215,1649
61,216,1639
61,217,1503
61,218,1419
61,219,1358
61,220,1291
61,221,1203
61,222,1171
61,223,1120
61,224,1121
61,225,1034
61,226,994
61,227,917
61,228,864
61,229,867
61,230,819
61,231,766
61,232,671
61,233,638
61,234,594
61,235,566
61,236,550
61,237,507
61,238,424
61,239,413
61,240,417
61,241,384
61,242,355
61,243,336
61,244,298
61,245,296
61,246,281
61,247,261
61,248,252
61,249,220
61,250,203
61,251,165
61,252,173
61,253,152
61,254,163
61,255,135
61,256,130
61,257,121
61,258,103
61,259,102
61,260,100
61,261,80
61,262,81
61,263,81
61,264,67
61,265,58
61,266,59
61,267,56
61,268,38
61,269,34
61,270,35
61,271,34
61,272,30
61,273,33
61,274,26
61,275,21
61,276,19
61,277,19
61,278,14
61,279,15
61,280,20
61,281,12
61,282,12
61,283,5
61,284,14
61,285,12
61,286,5
61,287,3
61,288,10
61,289,10
61,290,3
61,291,3
61,292,3
61,293,4
61,294,2
61,295,5
61,298,1
61,300,3
61,302,1
61,303,1
61,305,1
61,306,1
61,307,1
61,310,1
61,314,1
62,92,1
62,94,2
62,95,1
62,96,3
62,97,5
62,98,1
62,99,4
62,100,5
62,101,14
62,102,10
62,103,22
62,104,31
62,105,18
62,106,34
62,107,40
62,108,67
62,109,77
62,110,94
62,111,116
62,112,135
62,113,158
62,114,175
62,115,189
62,116,203
62,117,245
62,118,223
62,119,296
62,120,322
62,121,445
62,122,489
62,123,598
62,124,718
62,125,751
62,126,895
62,127,945
62,128,1037
62,129,1129
62,130,1079
62,131,1052
62,132,1069
62,133,1078
62,134,1229
62,135,1254
62,136,1598
62,137,1613
62,138,1877
62,139,2146
62,140,2392
62,141,2600
62,142,2653
62,143,2761
62,144,2676
62,145,2777
62,146,2642
62,147,2530
62,148,2489
62,149,2490
62,150,2521
62,151,2664
62,152,3036
62,153,3311
62,154,3628
62,155,3840
62,156,4065
62,157,4098
62,158,4287
62,159,4273
62,160,4013
62,161,4080
62,162,3906
62,163,3736
62,164,3692
62,165,3564
62,166,3493
62,167,3454
62,168,3885
62,169,3928
62,170,4208
62,171,4394
62,172,4523
62,173,4496
62,174,4575
62,175,4699
62,176,4455
62,177,4300
62,178,4342
62,179,4015
62,180,3693
62,181,3596
62,182,3590
62,183,3530
62,184,3683
62,185,3524
62,186,3690
62,187,3732
62,188,3885
62,189,3887
62,190,3750
62,191,3693
62,192,3786
62,193,3559
62,194,3403
62,195,3340
62,196,3182
62,197,3040
62,198,2781
62,199,2737
62,200,2773
62,201,2645
62,202,2587
62,203,2667
62,204,2469
62,205,2630
62,206,2584
62,207,2496
62,208,2420
62,209,2430
62,210,2323
62,211,2227
62,212,2040
62,213,2018
62,214,1878
62,215,1777
62,216,1730
62,217,1564
62,218,1534
62,219,1551
62,220,1475
62,221,1446
62,222,1362
62,223,1464
62,224,1344
62,225,1360
62,226,1182
62,227,1115
62,228,1124
62,229,1158
62,230,1030
62,231,978
62,232,878
62,233,872
62,234,784
62,235,757
62,236,721
62,237,666
62,238,631
62,239,623
62,240,589
62,241,599
62,242,566
62,243,527
62,244,550
62,245,439
62,246,457
62,247,413
62,248,397
62,249,365
62,250,389
62,251,318
62,252,316
62,253,264
62,254,261
62,255,250
62,256,212
62,257,242
62,258,199
62,259,211
62,260,164
62,261,172
62,262,157
62,263,160
62,264,145
62,265,133
62,266,133
62,267,106
62,268,89
62,269,82
62,270,90
62,271,71
62,272,84
62,273,59
62,274,71
62,275,53
62,276,61
62,277,53
62,278,49
62,279,51
62,280,44
62,281,39
62,282,31
62,283,28
62,284,24
62,285,30
62,286,23
62,287,20
62,288,13
62,289,17
62,290,9
62,291,13
62,292,14
62,293,14
62,294,12
62,295,15
62,296,9
62,297,6
62,298,8
62,299,4
62,300,6
62,301,3
62,302,2
62,303,10
62,304,6
62,305,6
62,306,3
62,308,3
62,309,2
62,310,2
62,311,2
62,312,1
62,314,1
62,315,1
62,316,2
62,319,1
62,321,1
62,326,1
